                  epoch,         train/box_loss,         train/cls_loss,         train/dfl_loss,   metrics/precision(B),      metrics/recall(B),       metrics/mAP50(B),    metrics/mAP50-95(B),           val/box_loss,           val/cls_loss,           val/dfl_loss,                 lr/pg0,                 lr/pg1,                 lr/pg2
                      1,                0.56938,                0.69002,                0.89608,                0.87672,                0.58863,                0.70518,                0.59746,                0.41706,                0.42015,                0.80859,             3.9634e-05,             3.9634e-05,             3.9634e-05
                      2,                0.49615,                0.48483,                 0.8533,                0.75563,                0.65587,                0.70877,                0.60827,                0.40812,                 0.3961,                0.80424,             6.3599e-05,             6.3599e-05,             6.3599e-05
                      3,                0.48037,                0.44862,                0.85338,                 0.7979,                 0.6345,                0.65877,                0.55826,                0.40148,                0.39478,                0.80244,             7.1856e-05,             7.1856e-05,             7.1856e-05
                      4,                0.45485,                0.41421,                0.83915,                0.85866,                0.61349,                0.71843,                0.62129,                0.38436,                0.37308,                0.79589,             4.8314e-05,             4.8314e-05,             4.8314e-05
                      5,                0.43396,                0.38999,                0.83352,                0.82086,                0.70637,                0.72641,                0.63197,                0.36745,                0.35545,                0.79189,             2.4752e-05,             2.4752e-05,             2.4752e-05
